Name;Adresse;Kommentar
# ============================================================
#  Zinnbad - Signalliste, Spalten: Name / Adresse / Kommentar
#  Adressen frei aenderbar, Namen bitte beibehalten (der Zwilling
#  erkennt die Signale am Namen). %I/%E und %Q/%A gehen beide.
#  Die Namen im TIA-Projekt sind frei, die Bridge koppelt ueber die Adressen.
#  Analogwerte als Wort: %IW64 / %EW64 (Int, 0...27648).
#  Excel-fest: kein Kommentar beginnt mit - + = @, kein Semikolon im Text.
#  Beim Speichern aus Excel: CSV (Trennzeichen-getrennt), keine Umlaute.
# ============================================================
# --- Ausgaenge der SPS (5/2-Wegeventile bistabil, Bedienfeld-Leuchten) ---
MB1_Einhaengen;%Q0.0;Einhaengezylinder -MM1: Korb einhaengen (faehrt ein, Haken schwenkt unter den Buegel)
MB2_Loesen;%Q0.1;Einhaengezylinder -MM1: Korb loesen (faehrt aus, Haken schwenkt frei)
MB3_Senken;%Q0.2;Tauchzylinder -MM2: senken (faehrt aus)
MB4_Anheben;%Q0.3;Tauchzylinder -MM2: anheben (faehrt ein)
MB5_Zinnbad;%Q0.4;Verschiebezylinder -MM3: zum Zinnbad (faehrt aus)
MB6_Foerderband;%Q0.5;Verschiebezylinder -MM3: zum Foerderband (faehrt ein)
MB7_Schliessen;%Q0.6;Abstreifzylinder -MM4: Bad abdecken (faehrt aus)
MB8_Oeffnen;%Q0.7;Abstreifzylinder -MM4: Bad oeffnen (faehrt ein)
PF1_Automatik;%Q1.0;Meldeleuchte Anlage laeuft (Automatik-Dauerbetrieb aktiv)
PF2_Temperatur;%Q1.1;Meldeleuchte Zinnbad Betriebstemperatur erreicht
PF3_Fuellhoehe;%Q1.2;Meldeleuchte Fuellhoehe unterschritten
PF4_Korb;%Q1.3;Meldeleuchte Materialkorb vorhanden
PF5_Quittieren;%Q1.4;Leuchttaster Quittieren -SF4 Bedienpult (blinkt: Not-Halt quittieren)
PF6_VorOrt;%Q1.5;Leuchte Vor-Ort-Steuerstelle aktiv
PF7_Handbetrieb;%Q1.6;Leuchte Handbetrieb aktiv (Schaltschranktuer)
# --- Band (nur wirksam bei Uebungsumfang "SPS steuert") ---
QA1_Band_Rechts;%Q2.0;Schuetz Bandmotor Rechtslauf (Foerderrichtung)
QA2_Band_Links;%Q2.1;Schuetz Bandmotor Linkslauf (Wendeschuetz, mech. verriegelt)
MB9_Anschlag_auf;%Q2.2;Anschlag -MM5 Uebergabeplatz oeffnen (5/2 monostabil, Feder schliesst)
MB10_Vereinzeler_zu;%Q2.3;Vereinzeler -MM6 sperren (5/2 monostabil, Feder oeffnet)
# --- Zinnbad (nur wirksam bei Uebungsumfang "SPS regelt") ---
TB1_Heizung;%Q2.4;Heizung Zinnbad ueber Halbleiterrelais (2-Punkt oder Impuls/PWM)
MB11_Nachfuellen;%Q2.5;Zinn-Nachfuelleinrichtung oeffnen (ca. 2 %/s)
# --- Rollenkurve, Band 2, Kuehlung, Pruefung (nur wirksam bei Uebungsumfang "SPS steuert") ---
QA5_B2_Rechts;%Q2.6;Schuetz Band 2 Rechtslauf (Foerderrichtung)
QA6_B2_Links;%Q2.7;Schuetz Band 2 Linkslauf (Wendeschuetz, mech. verriegelt)
QA10_Kurve_Rechts;%Q3.0;Schuetz Rollenkurve -MA6 Rechtslauf (Foerderrichtung)
QA7_Pumpe;%Q3.1;Schuetz Umwaelzpumpe Spruehkuehlung -MA3
KF10_Kamera_Trigger;%Q3.2;Keyence CV-X Trigger je Teil (Flanke)
PF8_VorOrt2;%Q3.3;Leuchte Vor-Ort-Steuerstelle Band 2 aktiv
MB13_Spruehwasser;%Q3.4;Spruehventil Abschrecken (wirkt nur bei laufender Pumpe -QA7)
MB14_Luftmesser;%Q3.5;Luftmesser am Tunnelauslauf (blaest das Wasser ab)
# --- Entleer- und Pruefstation (2. DQ-Baugruppe ab %Q4.0) ---
MB15_Kippen;%Q3.6;Korbkipper -MM8 kippen (5/2 monostabil)
QA8_Vibro;%Q3.7;Vibrorinne -MA4 (vereinzelt die Teile)
QA9_Pruefband;%Q4.0;Pruefband -MA5
MB16_Ausblasen;%Q4.1;Ausblasduese n.i.O.-Teile in den Ausschussbehaelter
# --- Rollenkurve -MA6 (Wendeschuetz, Vor-Ort-Steuerstelle -S30) ---
QA11_Kurve_Links;%Q4.2;Schuetz Rollenkurve -MA6 Linkslauf (Wendeschuetz, mech. verriegelt)
PF9_VorOrt3;%Q4.3;Leuchte Vor-Ort-Steuerstelle -S30 Rollenkurve aktiv
# --- Kippmulde: eigener Rollenantrieb -MA7 (Wendeschuetz, Motorschutz -FA8), Vor-Ort-Steuerstelle -S40 ---
QA12_Mulde_Vor;%Q4.4;Schuetz Muldenrollen -MA7 vorwaerts zum Endanschlag (Wendeschuetz, mech. verriegelt)
QA13_Mulde_Zurueck;%Q4.5;Schuetz Muldenrollen -MA7 zurueck (Wendeschuetz, mech. verriegelt)
PF11_VorOrt4;%Q4.6;Leuchte Vor-Ort-Steuerstelle -S40 Pruefstation aktiv
# --- Leuchtmelder in den Quittiertastern der Vor-Ort-Steuerstellen (je ein eigener Ausgang, -PF5 bleibt am Bedienpult) ---
PF12_Quitt_S10;%Q4.7;Leuchttaster Quittieren -SF41 an -S10 (blinkt: Not-Halt quittieren)
PF13_Quitt_S20;%Q5.0;Leuchttaster Quittieren -SF42 an -S20 (blinkt: Not-Halt quittieren)
PF14_Quitt_S30;%Q5.1;Leuchttaster Quittieren -SF43 an -S30 (blinkt: Not-Halt quittieren)
PF15_Quitt_S40;%Q5.2;Leuchttaster Quittieren -SF44 an -S40 (blinkt: Not-Halt quittieren)
# --- Eingaenge der SPS (Endlagen, Prozesssensoren, Bedienfeld) ---
BG1_MM1_eingehaengt;%I0.0;Endlage -MM1 eingefahren = Korb eingehaengt
BG2_MM1_geloest;%I0.1;Endlage -MM1 ausgefahren = Haken geloest (Grundstellung)
BG3_MM2_oben;%I0.2;Endlage -MM2 eingefahren = angehoben
BG4_MM2_unten;%I0.3;Endlage -MM2 ausgefahren = abgesenkt (Grundstellung)
BG5_MM3_Band;%I0.4;Endlage -MM3 eingefahren = ueber Foerderband (Grundstellung)
BG6_MM3_Bad;%I0.5;Endlage -MM3 ausgefahren = ueber Zinnbad
BG7_MM4_offen;%I0.6;Endlage -MM4 eingefahren = Bad offen
BG8_MM4_zu;%I0.7;Endlage -MM4 ausgefahren = Bad abgedeckt (Grundstellung)
BG9_Temperatur;%I1.0;Betriebstemperatur Zinn erreicht (1 = ok, ab 250 Grad C)
BG10_Fuellhoehe;%I1.1;Fuellhoehe Zinnbad ausreichend (1 = ok, ab 40 %)
BG11_Korb;%I1.2;Lichtschranke Einlauf Uebergabeplatz (Korb kommt, liegt aber noch nicht am Anschlag)
SF1_Start;%I1.3;Taster START (Schliesser)
SF2_Stop;%I1.4;Taster STOP (Oeffner: 1 = nicht betaetigt)
SA3_Handbetrieb;%I1.5;Wahlschalter Schaltschranktuer (1 = Hand, 0 = Auto)
KF2_NotHalt_OK;%I1.6;Sicherheitsrelais -KF2 Rueckmeldung (1 = Freigabe, 0 = Not-Halt)
SF4_Quittieren;%I1.7;Taster Quittieren Bedienpult (Schliesser, parallel auf -KF2 Start)
SA1_Dauerbetrieb;%I2.0;Wahlschalter Betriebsart (1 = Automatik/Dauer, 0 = Einzelzyklus)
SA2_VorOrt;%I2.1;Schluesselschalter Vor-Ort-Steuerstelle -S10 (1 = aktiv)
SF5_Band_Rechts;%I2.2;Vor-Ort Taster Band Rechtslauf (Schliesser)
SF6_Band_Links;%I2.3;Vor-Ort Taster Band Linkslauf (Schliesser)
SF7_Band_Halt;%I2.4;Vor-Ort Taster Band Halt (Oeffner: 1 = nicht betaetigt)
BG12_Bandanfang;%I2.5;Lichtschranke Korb am Bandanfang
BG13_Bandende;%I2.6;Lichtschranke Korb am Ende von Band 1 (Uebergabe an die Rollenkurve)
FA1_Motorschutz;%I2.7;Motorschutzschalter Band Hilfskontakt (1 = OK)
# --- Handbetrieb (Tableau in der Schaltschranktuer, Taster = Schliesser) ---
SF11_MM1_Einhaengen;%I3.0;Handtaster -MM1 einhaengen
SF12_MM1_Loesen;%I3.1;Handtaster -MM1 loesen
SF13_MM2_Senken;%I3.2;Handtaster -MM2 senken
SF14_MM2_Anheben;%I3.3;Handtaster -MM2 anheben
SF15_MM3_Zinnbad;%I3.4;Handtaster -MM3 zum Zinnbad
SF16_MM3_Band;%I3.5;Handtaster -MM3 zum Band
SF17_MM4_Schliessen;%I3.6;Handtaster -MM4 Bad abdecken
SF18_MM4_Oeffnen;%I3.7;Handtaster -MM4 Bad oeffnen
# --- Band: Endlagen Stopperzylinder (Feldverteiler -XD3) und Inkrementalgeber (2. DI-Baugruppe) ---
BG14_MM5_zu;%I4.0;Anschlag -MM5 geschlossen (Finger ueber dem Band)
BG15_MM5_offen;%I4.1;Anschlag -MM5 offen (90 Grad, erst dann Korb anheben oder absenken)
BG16_MM6_zu;%I4.2;Vereinzeler -MM6 geschlossen (sperrt)
BG17_MM6_offen;%I4.3;Vereinzeler -MM6 offen
BG18_Geber_A;%I4.4;Inkrementalgeber Band Spur A (10 Imp/U, 24,5 mm Bandweg je Impuls)
BG18_Geber_B;%I4.5;Inkrementalgeber Band Spur B (90 Grad versetzt, vorwaerts: B = 1 bei steigender Flanke A)
BG18_Geber_N;%I4.6;Inkrementalgeber Band Nullimpuls (1 je Umdrehung = 245 mm)
# --- Handbetrieb MM5/MM6 (Tableau Schaltschranktuer, Selbsthaltung in der SPS) ---
SF19_MM5_Oeffnen;%I5.0;Handtaster -MM5 Anschlag oeffnen
SF20_MM5_Schliessen;%I5.1;Handtaster -MM5 Anschlag schliessen
SF21_MM6_Schliessen;%I5.2;Handtaster -MM6 Vereinzeler schliessen
SF22_MM6_Oeffnen;%I5.3;Handtaster -MM6 Vereinzeler oeffnen
BG20_Lichtvorhang_frei;%I4.7;Sicherheitslichtvorhang -BG20 Schutzfeld frei (1 = frei, Abschaltung ueber -KF2)
# --- Rollenkurve, Band 2, Kuehlung, Pruefung ---
BG21_B2_Anfang;%I5.4;Lichtschranke Band 2 Anfang (Korb von der Rollenkurve uebernommen)
BG22_B2_Kuehlung;%I5.5;Lichtschranke Kuehlplatz
BG32_Teil_Pruefplatz;%I5.6;Lichtschranke Teil am Kameraplatz (Pruefband)
BG24_B2_Ende;%I5.7;Lichtschranke Band 2 Ende (Korb an der Uebergabe zur Kippmulde)
BG35_Kurve_Anfang;%I6.0;Lichtschranke Rollenkurve Anfang (Korb von Band 1 uebernommen)
BG36_Kurve_Ende;%I6.1;Lichtschranke Rollenkurve Ende (Korb vor der Uebergabe auf Band 2)
BG27_Geber2_A;%I6.2;Inkrementalgeber Band 2 Spur A (10 Imp/U)
BG27_Geber2_B;%I6.3;Inkrementalgeber Band 2 Spur B (90 Grad versetzt)
BG27_Geber2_N;%I6.4;Inkrementalgeber Band 2 Nullimpuls
BG28_Pruefung_iO;%I6.5;Keyence CV-X Ergebnis Teil i.O. (0,3 s gueltig)
BG29_Pruefung_niO;%I6.6;Keyence CV-X Ergebnis Teil n.i.O. (0,3 s gueltig)
SA4_VorOrt2;%I6.7;Schluesselschalter Vor-Ort-Steuerstelle -S20 (1 = aktiv)
SF23_B2_Rechts;%I7.0;Vor-Ort Band 2 Rechtslauf (Schliesser)
SF24_B2_Links;%I7.1;Vor-Ort Band 2 Linkslauf (Schliesser)
SF25_B2_Halt;%I7.2;Vor-Ort Band 2 Halt (Oeffner: 1 = nicht betaetigt)
FA5_Motorschutz2;%I7.3;Motorschutzschalter Band 2 Hilfskontakt (1 = OK)
BG30_MM8_unten;%I7.4;Kipper -MM8 unten (Grundstellung)
BG31_MM8_gekippt;%I7.5;Kipper -MM8 gekippt
BG33_Kipper_Korb;%I7.6;Korb am Endanschlag der Kippmulde
BG34_KLT_voll;%I7.7;KLT i.O.-Teile voll (144 Teile)
# --- 3. DI-Baugruppe ab %I8.0 (%I8.1 Reserve): Korbabfrage am Anschlag -MM5 ---
BG40_Korb_am_Anschlag;%I8.0;Korb liegt am Anschlag -MM5 an (induktiver Sensor M12 buendig in der Anschlagleiste)
# --- Handbetrieb MM8 ---
SF28_MM8_Kippen;%I8.2;Handtaster -MM8 Kipper kippen
SF29_MM8_Zurueck;%I8.3;Handtaster -MM8 Kipper zurueck
# --- Rollenkurve: Vor-Ort-Steuerstelle -S30, Motorschutz -FA7 ---
SA5_VorOrt3;%I8.4;Schluesselschalter Vor-Ort-Steuerstelle -S30 (1 = aktiv)
SF30_Kurve_Rechts;%I8.5;Vor-Ort Rollenkurve Rechtslauf (Schliesser)
SF31_Kurve_Links;%I8.6;Vor-Ort Rollenkurve Linkslauf (Schliesser)
SF32_Kurve_Halt;%I8.7;Vor-Ort Rollenkurve Halt (Oeffner: 1 = nicht betaetigt)
FA7_Motorschutz3;%I9.0;Motorschutzschalter Rollenkurve -FA7 Hilfskontakt (1 = OK)
# --- Not-Halt-Meldekontakte (Hilfskontakt Oeffner je Not-Halt-Taster, Abschaltung bleibt hart ueber -KF2) ---
SF0_NotHalt_frei;%I9.1;Not-Halt -SF0 Bedienpult Meldekontakt (Oeffner: 1 = entriegelt, 0 = betaetigt)
SF8_NotHalt_frei;%I9.2;Not-Halt -SF8 Vor-Ort -S10 Band 1 Meldekontakt (Oeffner: 1 = entriegelt, 0 = betaetigt)
SF9_NotHalt_frei;%I9.3;Not-Halt -SF9 Vor-Ort -S20 Band 2 Meldekontakt (Oeffner: 1 = entriegelt, 0 = betaetigt)
SF10_NotHalt_frei;%I9.4;Not-Halt -SF10 Vor-Ort -S30 Rollenkurve Meldekontakt (Oeffner: 1 = entriegelt, 0 = betaetigt)
SF33_NotHalt_frei;%I9.5;Not-Halt -SF33 Vor-Ort -S40 Pruefstation Meldekontakt (Oeffner: 1 = entriegelt, 0 = betaetigt)
# --- Vor-Ort-Steuerstelle -S40 Entleer- und Pruefstation, Motorschutz Muldenantrieb ---
SA6_VorOrt4;%I9.6;Schluesselschalter Vor-Ort-Steuerstelle -S40 (1 = aktiv, Automatik der Station ruht)
SF34_Pruef_Ein;%I9.7;Vor-Ort -S40 Vibrorinne + Pruefband EIN (Schliesser, Selbsthaltung in der SPS)
SF35_Pruef_Halt;%I10.0;Vor-Ort -S40 Vibrorinne + Pruefband AUS (Oeffner: 1 = nicht betaetigt)
SF36_Mulde_Vor;%I10.1;Vor-Ort -S40 Muldenrollen vorwaerts tippen (Schliesser)
SF37_Mulde_Zurueck;%I10.2;Vor-Ort -S40 Muldenrollen zurueck tippen (Schliesser)
SF38_Kipper_Kippen;%I10.3;Vor-Ort -S40 Kipper kippen (Schliesser, nur mit Korb an -BG33 oder leerer Mulde)
SF39_Kipper_Zurueck;%I10.4;Vor-Ort -S40 Kipper zurueck (Schliesser)
FA8_Motorschutz4;%I10.5;Motorschutzschalter Muldenantrieb -MA7 -FA8 Hilfskontakt (1 = OK)
# --- Quittiertaster der Vor-Ort-Steuerstellen (Schliesser, parallel zu -SF4 am Reset-Eingang -KF2, eigener Eingang = Ort der Quittierung) ---
SF41_Quittieren_S10;%I10.6;Taster Quittieren Vor-Ort -S10 Band 1 (Schliesser, parallel zu -SF4 an -KF2)
SF42_Quittieren_S20;%I10.7;Taster Quittieren Vor-Ort -S20 Band 2 (Schliesser, parallel zu -SF4 an -KF2)
SF43_Quittieren_S30;%I11.0;Taster Quittieren Vor-Ort -S30 Rollenkurve (Schliesser, parallel zu -SF4 an -KF2)
SF44_Quittieren_S40;%I11.1;Taster Quittieren Vor-Ort -S40 Pruefstation (Schliesser, parallel zu -SF4 an -KF2)
BG37_Kipper_Einlauf;%I11.7;Lichtschranke Einlauf Kippmulde (Korb in der Mulde, schwenkt mit)
# --- Analogwerte (Baugruppe AI 8) ---
BT1_Temperatur;%IW64;Zinntemperatur analog 0...27648 = 0...400 Grad C
BL1_Fuellstand;%IW66;Fuellstand analog 0...27648 = 0...100 %
BT2_Korbtemperatur;%IW68;Pyrometer Kuehlplatz: Korbtemperatur 0...27648 = 0...400 Grad C
# --- Umrichter -TA2 Bandmotor -MA1 (SINAMICS G120, PROFINET, Standardtelegramm 1) - nur bei Antrieb "Umrichter" ---
TA2_STW1;%QW256;Umrichter -TA2 Steuerwort 1 (STW1)
TA2_NSOLL_A;%QW258;Umrichter -TA2 Drehzahlsollwert NSOLL_A (16#4000 = 1500 1/min = 100 mm/s)
TA2_ZSW1;%IW256;Umrichter -TA2 Zustandswort 1 (ZSW1)
TA2_NIST_A;%IW258;Umrichter -TA2 Drehzahlistwert NIST_A (16#4000 = 1500 1/min = 100 mm/s)
# --- Umrichter -TA3 Band 2 -MA2 (SINAMICS G120, PROFINET, Standardtelegramm 1) - nur bei Antrieb "Umrichter" ---
TA3_STW1;%QW260;Umrichter -TA3 Steuerwort 1 (STW1)
TA3_NSOLL_A;%QW262;Umrichter -TA3 Drehzahlsollwert NSOLL_A (16#4000 = 1500 1/min = 120 mm/s)
TA3_ZSW1;%IW260;Umrichter -TA3 Zustandswort 1 (ZSW1)
TA3_NIST_A;%IW262;Umrichter -TA3 Drehzahlistwert NIST_A (16#4000 = 1500 1/min = 120 mm/s)
# --- Umrichter -TA4 Rollenkurve -MA6 (SINAMICS G120, PROFINET, Standardtelegramm 1) - nur bei Antrieb "Umrichter" ---
TA4_STW1;%QW264;Umrichter -TA4 Steuerwort 1 (STW1)
TA4_NSOLL_A;%QW266;Umrichter -TA4 Drehzahlsollwert NSOLL_A (16#4000 = 1500 1/min = 110 mm/s)
TA4_ZSW1;%IW264;Umrichter -TA4 Zustandswort 1 (ZSW1)
TA4_NIST_A;%IW266;Umrichter -TA4 Drehzahlistwert NIST_A (16#4000 = 1500 1/min = 110 mm/s)
# --- Umrichter -TA5 Pruefband -MA5 (SINAMICS G120, PROFINET, Standardtelegramm 1) - nur bei Antrieb "Umrichter" ---
TA5_STW1;%QW268;Umrichter -TA5 Steuerwort 1 (STW1)
TA5_NSOLL_A;%QW270;Umrichter -TA5 Drehzahlsollwert NSOLL_A (16#4000 = 1500 1/min = 150 mm/s)
TA5_ZSW1;%IW268;Umrichter -TA5 Zustandswort 1 (ZSW1)
TA5_NIST_A;%IW270;Umrichter -TA5 Drehzahlistwert NIST_A (16#4000 = 1500 1/min = 150 mm/s)
# --- Vor-Ort-Steuerstelle -S50 Pruefband (Schluessel -SA7, EIN/AUS, Drehzahlpotentiometer an AI 8 Kanal 3) ---
SA7_VorOrt5;%I11.2;Schluesselschalter Vor-Ort-Steuerstelle Pruefband -S50 (1 = Vor-Ort)
SF45_Pruefband_Ein;%I11.3;Vor-Ort -S50 Pruefband EIN (Schliesser)
SF46_Pruefband_Aus;%I11.4;Vor-Ort -S50 Pruefband AUS (Oeffner: 1 = nicht betaetigt)
SF47_Pruefband_Drehzahl;%IW70;Vor-Ort -S50 Drehzahlpotentiometer Pruefband 0...27648 = 0...100 %
PF16_VorOrt5;%Q5.3;Leuchte Vor-Ort-Steuerstelle Pruefband -S50 aktiv
# --- Kuehlwassertank Spruehkuehlung: Nachspeisung (nur wirksam bei Uebungsumfang "SPS regelt") ---
MB17_Nachspeisen;%Q5.4;Magnetventil Frischwasser -MB17 Nachspeisen (2/2 NC, in Reihe mit Regelventil -MB18)
MB18_Regelventil;%QW80;Regelventil Frischwasser -MB18 Stellwert 0...27648 = 0...100 % (AQ 4 Kanal 0, Stellzeit 8 s)
MB18_Stellung;%IW74;Regelventil -MB18 Stellungsrueckmeldung 0...27648 = 0...100 %
BL2_Wasserstand;%IW72;Fuellstand Kuehlwassertank Radar Micropilot FMR20B analog 0...27648 = 0...100 %
BG38_Wasser_Min;%I11.5;Grenzschalter Liquiphant FTL31 Kuehlwassertank MIN (1 = Gabel bedeckt ueber 25 %, Trockenlaufschutz Pumpe -MA3)
BG39_Wasser_Max_frei;%I11.6;Grenzschalter Liquiphant FTL31 Kuehlwassertank MAX (1 = Gabel frei unter 90 %, 0 = voll oder Drahtbruch)
